model,accuracy,precision,recall,f1,roc_auc
Decision Tree,0.827752921220145,0.6958997466765305,0.6658515658515658,0.6805441371523782,0.8518263829737399
Random Tree,0.6141270619942906,0.40136327608982825,0.8146503646503647,0.5377747884880881,0.7318145937480945
Logistic Regression,0.798212692014445,0.6406147882721475,0.6097383097383098,0.624795313925247,0.8215795000570196
Random Forest,0.8691730745361805,0.7647084261281325,0.7586229086229086,0.7616535119361681,0.9164109369395199
XGBoost,0.8477596590875509,0.7082035928143713,0.7610682110682111,0.7336848635235732,0.9064530124096668
Voting Ensemble (deployed),0.8439474446342343,0.7051196201375783,0.7453667953667954,0.7246848312322082,0.8933133071650526
